{"cameraMode":{"drawMode":0,"name":"Shaded","section":"Shading Mode"},"sceneLighting":false,"audioPlay":false,"sceneViewState":{"showFog":false,"showMaterialUpdate":false,"showSkybox":false,"showFlares":false,"showImageEffects":false,"showParticleSystems":false},"in2DMode":false,"pivot":{"x":40.037147521972659,"y":108.55953216552735,"z":-58.33099365234375},"rotation":{"x":-0.21313776075839997,"y":0.7479483485221863,"z":-0.28436267375946047,"w":-0.5606099367141724},"size":69.69490051269531,"orthographic":false}