{"cameraMode":{"drawMode":0,"name":"Shaded","section":"Shading Mode"},"sceneLighting":false,"audioPlay":false,"sceneViewState":{"showFog":false,"showMaterialUpdate":false,"showSkybox":false,"showFlares":false,"showImageEffects":false,"showParticleSystems":false},"in2DMode":false,"pivot":{"x":83.85543060302735,"y":183.33657836914063,"z":0.9652986526489258},"rotation":{"x":-0.12472216039896012,"y":-0.6960244178771973,"z":0.12472288310527802,"w":-0.696016252040863},"size":38.33507537841797,"orthographic":false}