{"cameraMode":{"drawMode":0,"name":"Shaded","section":"Shading Mode"},"sceneLighting":false,"audioPlay":false,"sceneViewState":{"showFog":false,"showMaterialUpdate":false,"showSkybox":false,"showFlares":false,"showImageEffects":false,"showParticleSystems":false},"in2DMode":false,"pivot":{"x":-66.19999694824219,"y":15.69532585144043,"z":-13.254119873046875},"rotation":{"x":-0.13409613072872163,"y":-0.5614752769470215,"z":0.09280700981616974,"w":-0.8112648129463196},"size":56.95867919921875,"orthographic":false}