{"cameraMode":{"drawMode":0,"name":"Shaded","section":"Shading Mode"},"sceneLighting":false,"audioPlay":false,"sceneViewState":{"showFog":false,"showMaterialUpdate":false,"showSkybox":false,"showFlares":false,"showImageEffects":false,"showParticleSystems":false},"in2DMode":false,"pivot":{"x":-0.20000004768371583,"y":57.400001525878909,"z":-49.20000076293945},"rotation":{"x":-0.13153156638145448,"y":-0.07665111124515534,"z":0.010200940072536469,"w":-0.9882915019989014},"size":14.289420127868653,"orthographic":false}