{"cameraMode":{"drawMode":0,"name":"Shaded","section":"Shading Mode"},"sceneLighting":false,"audioPlay":false,"sceneViewState":{"showFog":false,"showMaterialUpdate":false,"showSkybox":false,"showFlares":false,"showImageEffects":false,"showParticleSystems":false},"in2DMode":false,"pivot":{"x":369.1619873046875,"y":188.53921508789063,"z":-69.80633544921875},"rotation":{"x":-0.04679221659898758,"y":0.011083738878369332,"z":-0.0005197461578063667,"w":-0.9988430142402649},"size":699.36865234375,"orthographic":false}