{"cameraMode":{"drawMode":0,"name":"Shaded","section":"Shading Mode"},"sceneLighting":false,"audioPlay":false,"sceneViewState":{"showFog":false,"showMaterialUpdate":false,"showSkybox":false,"showFlares":false,"showImageEffects":false,"showParticleSystems":false},"in2DMode":false,"pivot":{"x":-83.34648895263672,"y":2.5810070037841799,"z":-46.48168182373047},"rotation":{"x":-0.0018369856989011169,"y":-0.9931759834289551,"z":0.11553779244422913,"w":-0.015785863623023034},"size":70.98088073730469,"orthographic":false}