{"cameraMode":{"drawMode":0,"name":"Shaded","section":"Shading Mode"},"sceneLighting":false,"audioPlay":false,"sceneViewState":{"showFog":false,"showMaterialUpdate":false,"showSkybox":false,"showFlares":false,"showImageEffects":false,"showParticleSystems":false},"in2DMode":false,"pivot":{"x":-36.50337600708008,"y":-1.2185850143432618,"z":34.774391174316409},"rotation":{"x":-0.12479716539382935,"y":-0.20181278884410859,"z":0.025934681296348573,"w":-0.97109454870224},"size":44.56145477294922,"orthographic":false}